{
    "name":"clops",
    "lighting":"none",
    "matrix":{
        "rows":4,
        "cols":10
    },
    "layouts":{
        "labels":[
                [
                    "Index Encoder",
                    "Rotary Encoder",
                    "Switch",
                    "None"
                ],
                [
                    "Thumb Encoder",
                    "Roller Encoder",
                    "Switch",
                    "None"
                ]
        ],
        "keymap":[
            [
                { "y": 0.2, "x": 5.2 },
                "0,0\n\n\n0,0\n\n\n\n\n\ne",
                "0,1\n\n\n0,0\n\n\n\n\n\ne"
            ],
            [
                { "y": 1.75, "x": 5.7 },
                "3,4\n\n\n0,0",
                { "x": -1 },
                "3,4\n\n\n0,1"
            ],
            [
                { "y": 0.75, "x": 5.7 },
                "3,5\n\n\n1,0",
                { "x": -1 },
                "3,5\n\n\n1,1"
            ],
            [
                { "y": 0.25, "d": true },
                "0,0\n\n\n1,1\n\n\n\n\n\ne",
                { "d": true },
                "0,1\n\n\n1,1\n\n\n\n\n\ne",
                { "x": 3.2 },
                "1,0\n\n\n1,0\n\n\n\n\n\ne",
                "1,1\n\n\n1,0\n\n\n\n\n\ne",
                { "x": 1.05, "d": true },
                "3,4\n\n\n0,2",
                { "x": 0.5, "d": true },
                "0,0\n\n\n0,1\n\n\n\n\n\ne",
                { "d": true },
                "0,1\n\n\n0,1\n\n\n\n\n\ne"
            ],
            [
                { "d": true },
                "0,0\n\n\n1,2\n\n\n\n\n\ne",
                { "d": true },
                "0,1\n\n\n1,2\n\n\n\n\n\ne",
                { "x": 6.25, "d": true },
                "3,5\n\n\n1,2",
                { "x": 0.5, "d": true },
                "0,0\n\n\n0,2\n\n\n\n\n\ne",
                { "d": true },
                "0,1\n\n\n0,2\n\n\n\n\n\ne"
            ],
            [
                { "r": 9, "rx": 2, "ry": 0.12, "y": 0.75, "x": -1.5, "w": 1.5 },
                "0,0",
                "0,1",
                "0,2",
                "0,3",
                "0,4"
            ],
            [{ "x": -1.5, "w": 1.25 }, "1,0", "1,1", "1,2", "1,3", "1,4"],
            [{ "x": -1.5 }, "2,0", "2,1", "2,2", "2,3", "2,4"],
            [{ "x": 0.75, "w": 1.25 }, "3,2", { "w": 2 }, "3,3"],
            [
                { "r": -9, "rx": 6.47, "ry": 0.73, "y": 0.75 },
                "0,5",
                "0,6",
                { "x": 0 },
                "0,7",
                "0,8",
                { "w": 1.5 },
                "0,9"
            ],
            [
                { "x": 0.25 },
                "1,5",
                "1,6",
                { "x": 0 },
                "1,7",
                { "x": 0.01 },
                "1,8",
                { "w": 1.25 },
                "1,9"
            ],
            [{ "x": 0.5 }, "2,5", "2,6", { "x": 0 }, "2,7", "2,8", "2,9"],
            [{ "w": 2 }, "3,6", { "x": 0, "w": 1.25 }, "3,7"]
        ]
    }
}
