{
    "manufacturer": "Calvin0563",
    "keyboard_name": "clops",
    "maintainer": "ha ha ha",
    "processor": "RP2040",
    "bootloader": "rp2040",
    "diode_direction": "COL2ROW",
    "features": {
        "bootmagic": true,
        "command": false,
        "console": false,
        "extrakey": true,
        "mousekey": true,
        "nkro": true
    },
    "bootmagic": {
        "enabled": true,
        "matrix": [0, 0]
    },
    "caps_word": {
        "enabled": true,
        "both_shifts_turns_on": true,
        "idle_timeout": 5000,
        "invert_on_shift": true
    },
    "matrix_pins": {
        "cols": [
            "GP26",
            "GP25",
            "GP24",
            "GP23",
            "GP22",
            "GP7",
            "GP6",
            "GP5",
            "GP4",
            "GP3"
        ],
        "rows": ["GP1", "GP27", "GP2", "GP28"]
    },
    "url": "",
    "usb": {
        "device_version": "1.0.0",
        "pid": "0x0000",
        "vid": "0xFEED"
    },
    "encoder": {
        "rotary": [
            { "pin_a": "GP18", "pin_b": "GP20", "resolution": 4 },
            { "pin_a": "GP09", "pin_b": "GP11", "resolution": 4 }
        ]
    },
    "layouts": {
        "LAYOUT_no_knob": {
            "layout": [
                { "matrix": [0, 0], "x": 0, "y": 0 },
                { "matrix": [0, 1], "x": 1, "y": 0 },
                { "matrix": [0, 2], "x": 2, "y": 0 },
                { "matrix": [0, 3], "x": 3, "y": 0 },
                { "matrix": [0, 4], "x": 4, "y": 0 },
                { "matrix": [0, 5], "x": 6, "y": 0 },
                { "matrix": [0, 6], "x": 7, "y": 0 },
                { "matrix": [0, 7], "x": 8, "y": 0 },
                { "matrix": [0, 8], "x": 9, "y": 0 },
                { "matrix": [0, 9], "x": 10, "y": 0 },

                { "matrix": [1, 0], "x": 0, "y": 0 },
                { "matrix": [1, 1], "x": 1, "y": 0 },
                { "matrix": [1, 2], "x": 2, "y": 0 },
                { "matrix": [1, 3], "x": 3, "y": 0 },
                { "matrix": [1, 4], "x": 4, "y": 0 },
                { "matrix": [1, 5], "x": 6, "y": 0 },
                { "matrix": [1, 6], "x": 7, "y": 0 },
                { "matrix": [1, 7], "x": 8, "y": 0 },
                { "matrix": [1, 8], "x": 9, "y": 0 },
                { "matrix": [1, 9], "x": 10, "y": 0 },

                { "matrix": [2, 0], "x": 0, "y": 0 },
                { "matrix": [2, 1], "x": 1, "y": 0 },
                { "matrix": [2, 2], "x": 2, "y": 0 },
                { "matrix": [2, 3], "x": 3, "y": 0 },
                { "matrix": [2, 4], "x": 4, "y": 0 },
                { "matrix": [2, 5], "x": 6, "y": 0 },
                { "matrix": [2, 6], "x": 7, "y": 0 },
                { "matrix": [2, 7], "x": 8, "y": 0 },
                { "matrix": [2, 8], "x": 9, "y": 0 },
                { "matrix": [2, 9], "x": 10, "y": 0 },

                { "matrix": [3, 2], "w": 1.25, "x": 1.75, "y": 0 },
                { "matrix": [3, 4], "w": 2, "x": 3, "y": 0 },
                { "matrix": [3, 6], "w": 2, "x": 6, "y": 0 },
                { "matrix": [3, 7], "w": 1.25, "x": 8, "y": 0 }
            ]
        },
        "LAYOUT": {
            "layout": [
                { "matrix": [0, 0], "x": 0, "y": 0 },
                { "matrix": [0, 1], "x": 1, "y": 0 },
                { "matrix": [0, 2], "x": 2, "y": 0 },
                { "matrix": [0, 3], "x": 3, "y": 0 },
                { "matrix": [0, 4], "x": 4, "y": 0 },
                { "matrix": [0, 5], "x": 7, "y": 0 },
                { "matrix": [0, 6], "x": 8, "y": 0 },
                { "matrix": [0, 7], "x": 9, "y": 0 },
                { "matrix": [0, 8], "x": 10, "y": 0 },
                { "matrix": [0, 9], "x": 11, "y": 0 },

                { "matrix": [1, 0], "x": 0, "y": 0 },
                { "matrix": [1, 1], "x": 1, "y": 0 },
                { "matrix": [1, 2], "x": 2, "y": 0 },
                { "matrix": [1, 3], "x": 3, "y": 0 },
                { "matrix": [1, 4], "x": 4, "y": 0 },

                { "matrix": [3, 4], "x": 5.5, "y": 0 },

                { "matrix": [1, 5], "x": 7, "y": 0 },
                { "matrix": [1, 6], "x": 8, "y": 0 },
                { "matrix": [1, 7], "x": 9, "y": 0 },
                { "matrix": [1, 8], "x": 10, "y": 0 },
                { "matrix": [1, 9], "x": 11, "y": 0 },

                { "matrix": [2, 0], "x": 0, "y": 0 },
                { "matrix": [2, 1], "x": 1, "y": 0 },
                { "matrix": [2, 2], "x": 2, "y": 0 },
                { "matrix": [2, 3], "x": 3, "y": 0 },
                { "matrix": [2, 4], "x": 4, "y": 0 },
                { "matrix": [2, 5], "x": 7, "y": 0 },
                { "matrix": [2, 6], "x": 8, "y": 0 },
                { "matrix": [2, 7], "x": 9, "y": 0 },
                { "matrix": [2, 8], "x": 10, "y": 0 },
                { "matrix": [2, 9], "x": 11, "y": 0 },

                { "matrix": [3, 2], "x": 1.75, "y": 0, "w": 1.25 },
                { "matrix": [3, 3], "x": 3, "y": 0, "w": 2 },

                { "matrix": [3, 5], "x": 5.5, "y": 0 },

                { "matrix": [3, 6], "x": 7, "y": 0, "w": 2 },
                { "matrix": [3, 7], "x": 9, "y": 0, "w": 1.25 }
            ]
        }
    }
}
